{"cameraMode":{"drawMode":0,"name":"Shaded","section":"Shading Mode"},"sceneLighting":true,"audioPlay":false,"sceneViewState":{"showFog":false,"showMaterialUpdate":false,"showSkybox":false,"showFlares":false,"showImageEffects":false,"showParticleSystems":false},"in2DMode":false,"pivot":{"x":6.020096302032471,"y":-1.4936634302139283,"z":42.979312896728519},"rotation":{"x":0.08836967498064041,"y":0.7984414100646973,"z":-0.12099876999855042,"w":0.5831306576728821},"size":10.865474700927735,"orthographic":false}