{"cameraMode":{"drawMode":0,"name":"Shaded","section":"Shading Mode"},"sceneLighting":true,"audioPlay":false,"sceneViewState":{"showFog":false,"showMaterialUpdate":false,"showSkybox":false,"showFlares":false,"showImageEffects":false,"showParticleSystems":false},"in2DMode":false,"pivot":{"x":10.284398078918457,"y":5.642524719238281,"z":-16.76415252685547},"rotation":{"x":-0.21956682205200196,"y":0.01578615978360176,"z":-0.0035537893418222667,"w":-0.9754632711410523},"size":2.5260376930236818,"orthographic":false}