{"cameraMode":{"drawMode":0,"name":"Shaded","section":"Shading Mode"},"sceneLighting":true,"audioPlay":false,"sceneViewState":{"showFog":false,"showMaterialUpdate":false,"showSkybox":false,"showFlares":false,"showImageEffects":false,"showParticleSystems":false},"in2DMode":false,"pivot":{"x":5.9953293800354,"y":4.577604293823242,"z":-17.897151947021486},"rotation":{"x":0.08764520287513733,"y":-0.05674714595079422,"z":0.005001194775104523,"w":0.9945215582847595},"size":4.100028038024902,"orthographic":false}