{"cameraMode":{"drawMode":0,"name":"Shaded","section":"Shading Mode"},"sceneLighting":true,"audioPlay":false,"sceneViewState":{"showFog":false,"showMaterialUpdate":false,"showSkybox":false,"showFlares":false,"showImageEffects":false,"showParticleSystems":false},"in2DMode":false,"pivot":{"x":3.1333773136138918,"y":5.060149192810059,"z":-14.45664119720459},"rotation":{"x":-0.08164607733488083,"y":0.06333290785551071,"z":-0.005199797917157412,"w":-0.9946335554122925},"size":2.857908010482788,"orthographic":false}