{"cameraMode":{"drawMode":0,"name":"Shaded","section":"Shading Mode"},"sceneLighting":true,"audioPlay":false,"sceneViewState":{"showFog":false,"showMaterialUpdate":false,"showSkybox":false,"showFlares":false,"showImageEffects":false,"showParticleSystems":false},"in2DMode":false,"pivot":{"x":9.166892051696778,"y":6.083278179168701,"z":-16.912321090698243},"rotation":{"x":-0.12391693890094757,"y":0.2498636543750763,"z":-0.03226041421294212,"w":-0.9597771167755127},"size":2.5260376930236818,"orthographic":false}